projectName,questionName
Ward Ltd Project,Rate the level of adaptability shown by the team members on a scale of 1 to 5
Ward Ltd Project,Rate the effectiveness of the project management on a scale of 1 to 5
Ward Ltd Project,Rate the level of stakeholder engagement on a scale of 1 to 5
Ward Ltd Project,How would you rate the quality of work delivered by the team?
Ward Ltd Project,Were the project risks effectively managed? Please rate from 1 to 5
Ward Ltd Project,How would you rate the level of client satisfaction with the project outcomes?
Ward Ltd Project,Did you find the project timeline realistic? Please rate from 1 to 5
Ward Ltd Project,Rate the communication between team members on a scale of 1 to 5
Ward Ltd Project,Were the project resources allocated efficiently? Please rate from 1 to 5
Ward Ltd Project,How would you rate the problem-solving skills of the team?
Ward Ltd Project,Rate the effectiveness of the project feedback mechanisms on a scale of 1 to 5
Ward Ltd Project,Were the project goals clearly defined? Please rate from 1 to 5
Ward Ltd Project,How satisfied are you with the level of collaboration within the team?
Ward Ltd Project,Did the project meet the specified deadlines? Please rate from 1 to 5
Ward Ltd Project,Rate the level of innovation demonstrated in the project from 1 to 5
Ward Ltd Project,How satisfied are you with the project deliverables?
Ward Ltd Project,How satisfied are you with the level of transparency in project communication?
Ward Ltd Project,Rate the accuracy of the project budget estimation from 1 to 5
Ward Ltd Project,How satisfied are you with the overall progress of the project?
Saunders LLC Solution,How would you rate the level of client satisfaction with the project outcomes?
Saunders LLC Solution,How satisfied are you with the project deliverables?
Saunders LLC Solution,Did you find the project timeline realistic? Please rate from 1 to 5
Saunders LLC Solution,Rate the level of innovation demonstrated in the project from 1 to 5
Saunders LLC Solution,Rate the effectiveness of the project feedback mechanisms on a scale of 1 to 5
Saunders LLC Solution,How satisfied are you with the level of collaboration within the team?
Saunders LLC Solution,Rate the communication between team members on a scale of 1 to 5
Saunders LLC Solution,How satisfied are you with the overall progress of the project?
Saunders LLC Solution,Did the project meet your expectations? Please rate from 1 to 5
Saunders LLC Solution,How would you rate the quality of work delivered by the team?
Saunders LLC Solution,Were the project goals clearly defined? Please rate from 1 to 5
Saunders LLC Solution,How would you rate the problem-solving skills of the team?
Green Ltd Project,Were the project goals clearly defined? Please rate from 1 to 5
Green Ltd Project,Did you find the project timeline realistic? Please rate from 1 to 5
Green Ltd Project,How satisfied are you with the level of collaboration within the team?
Green Ltd Project,How satisfied are you with the overall progress of the project?
Green Ltd Project,Rate the effectiveness of the project feedback mechanisms on a scale of 1 to 5
Green Ltd Project,How would you rate the quality of work delivered by the team?
Green Ltd Project,Did the project meet your expectations? Please rate from 1 to 5
Green Ltd Project,How satisfied are you with the project deliverables?
Green Ltd Project,Did the project meet the specified deadlines? Please rate from 1 to 5
Green Ltd Project,Rate the level of innovation demonstrated in the project from 1 to 5
Green Ltd Project,Rate the level of stakeholder engagement on a scale of 1 to 5
Green Ltd Project,Rate the effectiveness of the project management on a scale of 1 to 5
Green Ltd Project,How would you rate the problem-solving skills of the team?
Green Ltd Project,Were the project risks effectively managed? Please rate from 1 to 5
Green Ltd Project,Rate the communication between team members on a scale of 1 to 5
Green Ltd Project,Rate the accuracy of the project budget estimation from 1 to 5
Green Ltd Project,How satisfied are you with the level of transparency in project communication?
Green Ltd Project,Were the project resources allocated efficiently? Please rate from 1 to 5
Green Ltd Project,Rate the level of adaptability shown by the team members on a scale of 1 to 5
Johnson-Duncan Initiative,How would you rate the problem-solving skills of the team?
Johnson-Duncan Initiative,Rate the effectiveness of the project feedback mechanisms on a scale of 1 to 5
Johnson-Duncan Initiative,Did the project meet the specified deadlines? Please rate from 1 to 5
Johnson-Duncan Initiative,How satisfied are you with the level of transparency in project communication?
"Jones, Meyer and Smith Solution",Were the project goals clearly defined? Please rate from 1 to 5
"Jones, Meyer and Smith Solution",How would you rate the problem-solving skills of the team?
"Jones, Meyer and Smith Solution",How satisfied are you with the level of transparency in project communication?
"Jones, Meyer and Smith Solution",How would you rate the level of client satisfaction with the project outcomes?
"Jones, Meyer and Smith Solution",Rate the level of stakeholder engagement on a scale of 1 to 5
"Jones, Meyer and Smith Solution",Rate the effectiveness of the project management on a scale of 1 to 5
"Jones, Meyer and Smith Solution",Rate the level of adaptability shown by the team members on a scale of 1 to 5
"Jones, Meyer and Smith Solution",Were the project resources allocated efficiently? Please rate from 1 to 5
"Jones, Meyer and Smith Solution",Did the project meet your expectations? Please rate from 1 to 5
"Jones, Meyer and Smith Solution",How satisfied are you with the project deliverables?
"Jones, Meyer and Smith Solution",Rate the effectiveness of the project feedback mechanisms on a scale of 1 to 5
"Jones, Meyer and Smith Solution",Were the project risks effectively managed? Please rate from 1 to 5
"Jones, Meyer and Smith Solution",Rate the level of innovation demonstrated in the project from 1 to 5
"Jones, Meyer and Smith Solution",How satisfied are you with the level of collaboration within the team?
"Jones, Meyer and Smith Solution",Rate the accuracy of the project budget estimation from 1 to 5
"Jones, Meyer and Smith Solution",How would you rate the quality of work delivered by the team?
"Jones, Meyer and Smith Solution",Did the project meet the specified deadlines? Please rate from 1 to 5
"Jones, Meyer and Smith Solution",Did you find the project timeline realistic? Please rate from 1 to 5
Parker-Osborn Project,Rate the accuracy of the project budget estimation from 1 to 5
Parker-Osborn Project,Rate the effectiveness of the project feedback mechanisms on a scale of 1 to 5
Parker-Osborn Project,How satisfied are you with the level of transparency in project communication?
Parker-Osborn Project,Rate the level of innovation demonstrated in the project from 1 to 5
Parker-Osborn Project,Did the project meet the specified deadlines? Please rate from 1 to 5
Parker-Osborn Project,How satisfied are you with the overall progress of the project?
Parker-Osborn Project,Rate the level of stakeholder engagement on a scale of 1 to 5
Parker-Osborn Project,Were the project goals clearly defined? Please rate from 1 to 5
Parker-Osborn Project,Were the project risks effectively managed? Please rate from 1 to 5
Parker-Osborn Project,Rate the communication between team members on a scale of 1 to 5
Parker-Osborn Project,How would you rate the quality of work delivered by the team?
Parker-Osborn Project,Were the project resources allocated efficiently? Please rate from 1 to 5
Parker-Osborn Project,How would you rate the problem-solving skills of the team?
Parker-Osborn Project,How would you rate the level of client satisfaction with the project outcomes?
"Thompson, Adkins and Harris Initiative",Were the project risks effectively managed? Please rate from 1 to 5
"Thompson, Adkins and Harris Initiative",Did the project meet your expectations? Please rate from 1 to 5
"Thompson, Adkins and Harris Initiative",Rate the accuracy of the project budget estimation from 1 to 5
"Thompson, Adkins and Harris Initiative",Rate the level of adaptability shown by the team members on a scale of 1 to 5
"Thompson, Adkins and Harris Initiative",How satisfied are you with the project deliverables?
"Thompson, Adkins and Harris Initiative",Rate the communication between team members on a scale of 1 to 5
"Thompson, Adkins and Harris Initiative",Were the project goals clearly defined? Please rate from 1 to 5
"Thompson, Adkins and Harris Initiative",How satisfied are you with the level of transparency in project communication?
"Thompson, Adkins and Harris Initiative",Rate the level of stakeholder engagement on a scale of 1 to 5
"Thompson, Adkins and Harris Initiative",Did you find the project timeline realistic? Please rate from 1 to 5
"Thompson, Adkins and Harris Initiative",How would you rate the level of client satisfaction with the project outcomes?
"Thompson, Adkins and Harris Initiative",How satisfied are you with the overall progress of the project?
"Taylor, Elliott and Trevino Solution",Were the project resources allocated efficiently? Please rate from 1 to 5
"Taylor, Elliott and Trevino Solution",Rate the accuracy of the project budget estimation from 1 to 5
"Taylor, Elliott and Trevino Solution",How would you rate the quality of work delivered by the team?
"Taylor, Elliott and Trevino Solution",Rate the level of adaptability shown by the team members on a scale of 1 to 5
Moreno Ltd Project,Did the project meet your expectations? Please rate from 1 to 5
Moreno Ltd Project,Rate the effectiveness of the project management on a scale of 1 to 5
Moreno Ltd Project,How satisfied are you with the overall progress of the project?
Moreno Ltd Project,Rate the level of stakeholder engagement on a scale of 1 to 5
Moreno Ltd Project,How would you rate the quality of work delivered by the team?
Moreno Ltd Project,Were the project goals clearly defined? Please rate from 1 to 5
Moreno Ltd Project,Were the project resources allocated efficiently? Please rate from 1 to 5
Smith PLC Project,Rate the effectiveness of the project management on a scale of 1 to 5
Smith PLC Project,How would you rate the quality of work delivered by the team?
Smith PLC Project,How satisfied are you with the overall progress of the project?
Smith PLC Project,Rate the level of innovation demonstrated in the project from 1 to 5
Smith PLC Project,Rate the effectiveness of the project feedback mechanisms on a scale of 1 to 5
Smith PLC Project,Did the project meet your expectations? Please rate from 1 to 5
Smith PLC Project,Were the project goals clearly defined? Please rate from 1 to 5
Smith PLC Project,Were the project risks effectively managed? Please rate from 1 to 5
Schneider-Tyler Solution,Rate the level of innovation demonstrated in the project from 1 to 5
Schneider-Tyler Solution,Were the project goals clearly defined? Please rate from 1 to 5
Schneider-Tyler Solution,How satisfied are you with the level of transparency in project communication?
Schneider-Tyler Solution,Rate the effectiveness of the project management on a scale of 1 to 5
Schneider-Tyler Solution,How would you rate the problem-solving skills of the team?
Schneider-Tyler Solution,Rate the level of stakeholder engagement on a scale of 1 to 5
Schneider-Tyler Solution,Did the project meet your expectations? Please rate from 1 to 5
Schneider-Tyler Solution,Rate the communication between team members on a scale of 1 to 5
Schneider-Tyler Solution,Rate the level of adaptability shown by the team members on a scale of 1 to 5
Schneider-Tyler Solution,How satisfied are you with the overall progress of the project?
Schneider-Tyler Solution,How would you rate the level of client satisfaction with the project outcomes?
Schneider-Tyler Solution,Rate the accuracy of the project budget estimation from 1 to 5
Schneider-Tyler Solution,How would you rate the quality of work delivered by the team?
Allison and Sons Project,How satisfied are you with the level of collaboration within the team?
Allison and Sons Project,Did the project meet your expectations? Please rate from 1 to 5
Allison and Sons Project,How would you rate the quality of work delivered by the team?
Allison and Sons Project,Rate the effectiveness of the project feedback mechanisms on a scale of 1 to 5
Allison and Sons Project,How satisfied are you with the level of transparency in project communication?
Allison and Sons Project,Were the project goals clearly defined? Please rate from 1 to 5
Allison and Sons Project,How would you rate the problem-solving skills of the team?
Allison and Sons Project,Rate the communication between team members on a scale of 1 to 5
Allison and Sons Project,Were the project risks effectively managed? Please rate from 1 to 5
Allison and Sons Project,How would you rate the level of client satisfaction with the project outcomes?
Allison and Sons Project,Rate the effectiveness of the project management on a scale of 1 to 5
Allison and Sons Project,Rate the level of innovation demonstrated in the project from 1 to 5
Allison and Sons Project,How satisfied are you with the project deliverables?
Randall-Reyes Initiative,How satisfied are you with the overall progress of the project?
Randall-Reyes Initiative,How would you rate the quality of work delivered by the team?
Randall-Reyes Initiative,Were the project goals clearly defined? Please rate from 1 to 5
Randall-Reyes Initiative,How would you rate the problem-solving skills of the team?
Randall-Reyes Initiative,Rate the accuracy of the project budget estimation from 1 to 5
Randall-Reyes Initiative,Were the project resources allocated efficiently? Please rate from 1 to 5
Randall-Reyes Initiative,Were the project risks effectively managed? Please rate from 1 to 5
Randall-Reyes Initiative,Did you find the project timeline realistic? Please rate from 1 to 5
Randall-Reyes Initiative,How satisfied are you with the level of collaboration within the team?
Randall-Reyes Initiative,Did the project meet the specified deadlines? Please rate from 1 to 5
Randall-Reyes Initiative,How satisfied are you with the level of transparency in project communication?
Randall-Reyes Initiative,Rate the level of adaptability shown by the team members on a scale of 1 to 5
Randall-Reyes Initiative,How would you rate the level of client satisfaction with the project outcomes?
Barnett-Harris Initiative,Rate the accuracy of the project budget estimation from 1 to 5
Barnett-Harris Initiative,Rate the level of innovation demonstrated in the project from 1 to 5
Barnett-Harris Initiative,Rate the level of adaptability shown by the team members on a scale of 1 to 5
Barnett-Harris Initiative,How would you rate the quality of work delivered by the team?
Barnett-Harris Initiative,Did the project meet the specified deadlines? Please rate from 1 to 5
Barnett-Harris Initiative,How would you rate the level of client satisfaction with the project outcomes?
Barnett-Harris Initiative,Did you find the project timeline realistic? Please rate from 1 to 5
Barnett-Harris Initiative,How would you rate the problem-solving skills of the team?
Barnett-Harris Initiative,How satisfied are you with the level of collaboration within the team?
Barnett-Harris Initiative,Did the project meet your expectations? Please rate from 1 to 5
Barnett-Harris Initiative,How satisfied are you with the level of transparency in project communication?
Barnett-Harris Initiative,Were the project resources allocated efficiently? Please rate from 1 to 5
Barnett-Harris Initiative,Rate the communication between team members on a scale of 1 to 5
Barnett-Harris Initiative,Rate the effectiveness of the project feedback mechanisms on a scale of 1 to 5
Barnett-Harris Initiative,Were the project goals clearly defined? Please rate from 1 to 5
"Ayala, Sexton and Casey Solution",Rate the effectiveness of the project feedback mechanisms on a scale of 1 to 5
"Ayala, Sexton and Casey Solution",How satisfied are you with the overall progress of the project?
"Ayala, Sexton and Casey Solution",How satisfied are you with the project deliverables?
"Ayala, Sexton and Casey Solution",How would you rate the problem-solving skills of the team?
"Ayala, Sexton and Casey Solution",How would you rate the level of client satisfaction with the project outcomes?
"Ayala, Sexton and Casey Solution",Did the project meet your expectations? Please rate from 1 to 5
"Ayala, Sexton and Casey Solution",Were the project resources allocated efficiently? Please rate from 1 to 5
"Ayala, Sexton and Casey Solution",Were the project goals clearly defined? Please rate from 1 to 5
"Ayala, Sexton and Casey Solution",Rate the effectiveness of the project management on a scale of 1 to 5
"Ayala, Sexton and Casey Solution",Rate the level of adaptability shown by the team members on a scale of 1 to 5
Watson-Mcdowell Project,Were the project risks effectively managed? Please rate from 1 to 5
Watson-Mcdowell Project,Rate the level of adaptability shown by the team members on a scale of 1 to 5
Watson-Mcdowell Project,Rate the effectiveness of the project feedback mechanisms on a scale of 1 to 5
Watson-Mcdowell Project,How would you rate the problem-solving skills of the team?
Watson-Mcdowell Project,Were the project goals clearly defined? Please rate from 1 to 5
Watson-Mcdowell Project,How would you rate the quality of work delivered by the team?
Watson-Mcdowell Project,Did the project meet the specified deadlines? Please rate from 1 to 5
Watson-Mcdowell Project,How would you rate the level of client satisfaction with the project outcomes?
Watson-Mcdowell Project,Rate the level of stakeholder engagement on a scale of 1 to 5
Watson-Mcdowell Project,How satisfied are you with the overall progress of the project?
Watson-Mcdowell Project,Rate the accuracy of the project budget estimation from 1 to 5
Watson-Mcdowell Project,Were the project resources allocated efficiently? Please rate from 1 to 5
Watson-Mcdowell Project,Did the project meet your expectations? Please rate from 1 to 5
Watson-Mcdowell Project,Rate the level of innovation demonstrated in the project from 1 to 5
Watson-Mcdowell Project,Rate the communication between team members on a scale of 1 to 5
Watson-Mcdowell Project,How satisfied are you with the level of collaboration within the team?
Watson-Mcdowell Project,How satisfied are you with the project deliverables?
Watson-Mcdowell Project,How satisfied are you with the level of transparency in project communication?
Watson-Mcdowell Project,Rate the effectiveness of the project management on a scale of 1 to 5
Watson-Mcdowell Project,Did you find the project timeline realistic? Please rate from 1 to 5
Wheeler and Sons Initiative,Were the project goals clearly defined? Please rate from 1 to 5
Wheeler and Sons Initiative,Did you find the project timeline realistic? Please rate from 1 to 5
Wheeler and Sons Initiative,How would you rate the level of client satisfaction with the project outcomes?
Wheeler and Sons Initiative,How satisfied are you with the project deliverables?
Wheeler and Sons Initiative,Were the project resources allocated efficiently? Please rate from 1 to 5
Wheeler and Sons Initiative,Did the project meet the specified deadlines? Please rate from 1 to 5
Wheeler and Sons Initiative,Did the project meet your expectations? Please rate from 1 to 5
Wheeler and Sons Initiative,How satisfied are you with the overall progress of the project?
Wheeler and Sons Initiative,Rate the effectiveness of the project management on a scale of 1 to 5
Wheeler and Sons Initiative,How would you rate the problem-solving skills of the team?
Wheeler and Sons Initiative,How satisfied are you with the level of transparency in project communication?
Wheeler and Sons Initiative,Rate the level of adaptability shown by the team members on a scale of 1 to 5
Wheeler and Sons Initiative,Rate the effectiveness of the project feedback mechanisms on a scale of 1 to 5
Wheeler and Sons Initiative,How satisfied are you with the level of collaboration within the team?
Wheeler and Sons Initiative,Rate the accuracy of the project budget estimation from 1 to 5
Wheeler and Sons Initiative,Rate the level of stakeholder engagement on a scale of 1 to 5
Wheeler and Sons Initiative,Were the project risks effectively managed? Please rate from 1 to 5
Wheeler and Sons Initiative,How would you rate the quality of work delivered by the team?
Wheeler and Sons Initiative,Rate the level of innovation demonstrated in the project from 1 to 5
Wheeler and Sons Initiative,Rate the communication between team members on a scale of 1 to 5
Middleton Ltd Project,Did you find the project timeline realistic? Please rate from 1 to 5
Middleton Ltd Project,Rate the level of innovation demonstrated in the project from 1 to 5
Middleton Ltd Project,Rate the accuracy of the project budget estimation from 1 to 5
Middleton Ltd Project,Were the project risks effectively managed? Please rate from 1 to 5
Middleton Ltd Project,Were the project resources allocated efficiently? Please rate from 1 to 5
Middleton Ltd Project,How satisfied are you with the overall progress of the project?
Middleton Ltd Project,Rate the level of adaptability shown by the team members on a scale of 1 to 5
Middleton Ltd Project,Were the project goals clearly defined? Please rate from 1 to 5
Middleton Ltd Project,Rate the level of stakeholder engagement on a scale of 1 to 5
Middleton Ltd Project,How satisfied are you with the project deliverables?
Middleton Ltd Project,Rate the effectiveness of the project management on a scale of 1 to 5
"Barron, Brown and Hicks Project",How would you rate the level of client satisfaction with the project outcomes?
"Barron, Brown and Hicks Project",Rate the level of stakeholder engagement on a scale of 1 to 5
"Barron, Brown and Hicks Project",Did the project meet your expectations? Please rate from 1 to 5
"Barron, Brown and Hicks Project",How satisfied are you with the project deliverables?
"Barron, Brown and Hicks Project",Were the project resources allocated efficiently? Please rate from 1 to 5
"Barron, Brown and Hicks Project",Rate the level of innovation demonstrated in the project from 1 to 5
"Barron, Brown and Hicks Project",Rate the level of adaptability shown by the team members on a scale of 1 to 5
"Barron, Brown and Hicks Project",Were the project risks effectively managed? Please rate from 1 to 5
"Barron, Brown and Hicks Project",Rate the accuracy of the project budget estimation from 1 to 5
"Barron, Brown and Hicks Project",Did the project meet the specified deadlines? Please rate from 1 to 5
"Barron, Brown and Hicks Project",Rate the effectiveness of the project feedback mechanisms on a scale of 1 to 5
Ross and Sons Solution,Did you find the project timeline realistic? Please rate from 1 to 5
Ross and Sons Solution,Rate the accuracy of the project budget estimation from 1 to 5
Ross and Sons Solution,How would you rate the level of client satisfaction with the project outcomes?
Ross and Sons Solution,Did the project meet the specified deadlines? Please rate from 1 to 5
Ross and Sons Solution,How satisfied are you with the level of transparency in project communication?
Ross and Sons Solution,Were the project risks effectively managed? Please rate from 1 to 5
Ross and Sons Solution,How satisfied are you with the overall progress of the project?
Ross and Sons Solution,Rate the communication between team members on a scale of 1 to 5
Chaney Inc Solution,Did the project meet your expectations? Please rate from 1 to 5
Chaney Inc Solution,Rate the effectiveness of the project feedback mechanisms on a scale of 1 to 5
Chaney Inc Solution,Rate the level of innovation demonstrated in the project from 1 to 5
Chaney Inc Solution,How satisfied are you with the level of transparency in project communication?
Chaney Inc Solution,Rate the effectiveness of the project management on a scale of 1 to 5
Chaney Inc Solution,How would you rate the problem-solving skills of the team?
Chaney Inc Solution,How satisfied are you with the level of collaboration within the team?
Chaney Inc Solution,Did the project meet the specified deadlines? Please rate from 1 to 5
"Roberts, Brown and Lee Initiative",Rate the communication between team members on a scale of 1 to 5
"Roberts, Brown and Lee Initiative",How would you rate the quality of work delivered by the team?
"Roberts, Brown and Lee Initiative",Did you find the project timeline realistic? Please rate from 1 to 5
"Roberts, Brown and Lee Initiative",How satisfied are you with the level of collaboration within the team?
"Roberts, Brown and Lee Initiative",Rate the level of stakeholder engagement on a scale of 1 to 5
"Roberts, Brown and Lee Initiative",Did the project meet the specified deadlines? Please rate from 1 to 5
"Roberts, Brown and Lee Initiative",How satisfied are you with the project deliverables?
"Roberts, Brown and Lee Initiative",Rate the effectiveness of the project management on a scale of 1 to 5
"Roberts, Brown and Lee Initiative",Were the project goals clearly defined? Please rate from 1 to 5
"Roberts, Brown and Lee Initiative",How satisfied are you with the level of transparency in project communication?
"Roberts, Brown and Lee Initiative",Were the project risks effectively managed? Please rate from 1 to 5
"Roberts, Brown and Lee Initiative",How would you rate the level of client satisfaction with the project outcomes?
"Roberts, Brown and Lee Initiative",How would you rate the problem-solving skills of the team?
"Roberts, Brown and Lee Initiative",Did the project meet your expectations? Please rate from 1 to 5
"Roberts, Brown and Lee Initiative",Were the project resources allocated efficiently? Please rate from 1 to 5
"Roberts, Brown and Lee Initiative",Rate the level of adaptability shown by the team members on a scale of 1 to 5
Colon-Oconnor Solution,Were the project goals clearly defined? Please rate from 1 to 5
Colon-Oconnor Solution,How would you rate the problem-solving skills of the team?
Colon-Oconnor Solution,How satisfied are you with the overall progress of the project?
Colon-Oconnor Solution,Rate the communication between team members on a scale of 1 to 5
Colon-Oconnor Solution,Were the project risks effectively managed? Please rate from 1 to 5
Colon-Oconnor Solution,Did the project meet the specified deadlines? Please rate from 1 to 5
Colon-Oconnor Solution,Rate the accuracy of the project budget estimation from 1 to 5
Colon-Oconnor Solution,Were the project resources allocated efficiently? Please rate from 1 to 5
Colon-Oconnor Solution,Did the project meet your expectations? Please rate from 1 to 5
Colon-Oconnor Solution,Rate the effectiveness of the project management on a scale of 1 to 5
Colon-Oconnor Solution,Did you find the project timeline realistic? Please rate from 1 to 5
Solis-Smith Project,Rate the effectiveness of the project feedback mechanisms on a scale of 1 to 5
Solis-Smith Project,Rate the accuracy of the project budget estimation from 1 to 5
Solis-Smith Project,How satisfied are you with the level of collaboration within the team?
Solis-Smith Project,Were the project goals clearly defined? Please rate from 1 to 5
Stanton-Pollard Project,Rate the accuracy of the project budget estimation from 1 to 5
Stanton-Pollard Project,Did you find the project timeline realistic? Please rate from 1 to 5
Stanton-Pollard Project,How would you rate the quality of work delivered by the team?
Stanton-Pollard Project,Were the project resources allocated efficiently? Please rate from 1 to 5
Stanton-Pollard Project,How would you rate the problem-solving skills of the team?
Stanton-Pollard Project,Rate the communication between team members on a scale of 1 to 5
Stanton-Pollard Project,Rate the effectiveness of the project feedback mechanisms on a scale of 1 to 5
Stanton-Pollard Project,Rate the level of stakeholder engagement on a scale of 1 to 5
Stanton-Pollard Project,Were the project risks effectively managed? Please rate from 1 to 5
Stanton-Pollard Project,Were the project goals clearly defined? Please rate from 1 to 5
Stanton-Pollard Project,How would you rate the level of client satisfaction with the project outcomes?
Stewart Group Initiative,Were the project resources allocated efficiently? Please rate from 1 to 5
Stewart Group Initiative,Were the project goals clearly defined? Please rate from 1 to 5
Stewart Group Initiative,Did the project meet the specified deadlines? Please rate from 1 to 5
Stewart Group Initiative,Rate the accuracy of the project budget estimation from 1 to 5
Stewart Group Initiative,How would you rate the level of client satisfaction with the project outcomes?
Stewart Group Initiative,How satisfied are you with the level of collaboration within the team?
Stewart Group Initiative,How would you rate the problem-solving skills of the team?
Stewart Group Initiative,Rate the level of stakeholder engagement on a scale of 1 to 5
Stewart Group Initiative,How satisfied are you with the project deliverables?
Stewart Group Initiative,Rate the level of adaptability shown by the team members on a scale of 1 to 5
Stewart Group Initiative,How satisfied are you with the overall progress of the project?
Turner Inc Solution,How satisfied are you with the level of collaboration within the team?
Olson-Craig Solution,Did you find the project timeline realistic? Please rate from 1 to 5
Olson-Craig Solution,Were the project goals clearly defined? Please rate from 1 to 5
Olson-Craig Solution,Rate the effectiveness of the project feedback mechanisms on a scale of 1 to 5
Olson-Craig Solution,Rate the communication between team members on a scale of 1 to 5
Olson-Craig Solution,Did the project meet your expectations? Please rate from 1 to 5
Olson-Craig Solution,How would you rate the quality of work delivered by the team?
Olson-Craig Solution,Were the project resources allocated efficiently? Please rate from 1 to 5
Olson-Craig Solution,How would you rate the level of client satisfaction with the project outcomes?
Olson-Craig Solution,How satisfied are you with the level of transparency in project communication?
Olson-Craig Solution,Did the project meet the specified deadlines? Please rate from 1 to 5
Olson-Craig Solution,Rate the level of adaptability shown by the team members on a scale of 1 to 5
Olson-Craig Solution,How satisfied are you with the project deliverables?
Andrews Inc Project,Rate the effectiveness of the project feedback mechanisms on a scale of 1 to 5
Andrews Inc Project,How would you rate the quality of work delivered by the team?
Andrews Inc Project,Were the project risks effectively managed? Please rate from 1 to 5
Andrews Inc Project,Rate the level of adaptability shown by the team members on a scale of 1 to 5
Andrews Inc Project,Did the project meet your expectations? Please rate from 1 to 5
Andrews Inc Project,How satisfied are you with the project deliverables?
Andrews Inc Project,How satisfied are you with the level of collaboration within the team?
Andrews Inc Project,Did the project meet the specified deadlines? Please rate from 1 to 5
Mccarthy Group Initiative,How satisfied are you with the overall progress of the project?
Mccarthy Group Initiative,How satisfied are you with the level of transparency in project communication?
Mccarthy Group Initiative,Were the project risks effectively managed? Please rate from 1 to 5
Mccarthy Group Initiative,Rate the level of innovation demonstrated in the project from 1 to 5
Mccarthy Group Initiative,Rate the communication between team members on a scale of 1 to 5
Mccarthy Group Initiative,Did you find the project timeline realistic? Please rate from 1 to 5
Mccarthy Group Initiative,Were the project goals clearly defined? Please rate from 1 to 5
Mccarthy Group Initiative,Did the project meet your expectations? Please rate from 1 to 5
Mccarthy Group Initiative,Rate the accuracy of the project budget estimation from 1 to 5
Frey LLC Solution,Were the project risks effectively managed? Please rate from 1 to 5
Frey LLC Solution,Rate the effectiveness of the project feedback mechanisms on a scale of 1 to 5
Frey LLC Solution,Did you find the project timeline realistic? Please rate from 1 to 5
Frey LLC Solution,How satisfied are you with the level of collaboration within the team?
Frey LLC Solution,Rate the level of adaptability shown by the team members on a scale of 1 to 5
Frey LLC Solution,How satisfied are you with the project deliverables?
Frey LLC Solution,Did the project meet the specified deadlines? Please rate from 1 to 5
Frey LLC Solution,How satisfied are you with the overall progress of the project?
Frey LLC Solution,Rate the level of innovation demonstrated in the project from 1 to 5
Frey LLC Solution,How would you rate the quality of work delivered by the team?
Frey LLC Solution,Rate the communication between team members on a scale of 1 to 5
Frey LLC Solution,Did the project meet your expectations? Please rate from 1 to 5
Frey LLC Solution,Were the project resources allocated efficiently? Please rate from 1 to 5
Frey LLC Solution,How would you rate the level of client satisfaction with the project outcomes?
Frey LLC Solution,Rate the level of stakeholder engagement on a scale of 1 to 5
Frey LLC Solution,How would you rate the problem-solving skills of the team?
"Castillo, Frey and Stewart Project",Were the project goals clearly defined? Please rate from 1 to 5
"Castillo, Frey and Stewart Project",How satisfied are you with the overall progress of the project?
"Castillo, Frey and Stewart Project",Rate the communication between team members on a scale of 1 to 5
"Castillo, Frey and Stewart Project",How satisfied are you with the level of transparency in project communication?
"Castillo, Frey and Stewart Project",How satisfied are you with the project deliverables?
"Castillo, Frey and Stewart Project",Did you find the project timeline realistic? Please rate from 1 to 5
"Castillo, Frey and Stewart Project",Rate the accuracy of the project budget estimation from 1 to 5
"Castillo, Frey and Stewart Project",How would you rate the quality of work delivered by the team?
"Castillo, Frey and Stewart Project",Rate the level of adaptability shown by the team members on a scale of 1 to 5
"Castillo, Frey and Stewart Project",How would you rate the problem-solving skills of the team?
"Castillo, Frey and Stewart Project",Did the project meet the specified deadlines? Please rate from 1 to 5
"Castillo, Frey and Stewart Project",How would you rate the level of client satisfaction with the project outcomes?
"Castillo, Frey and Stewart Project",How satisfied are you with the level of collaboration within the team?
"Castillo, Frey and Stewart Project",Were the project resources allocated efficiently? Please rate from 1 to 5
"Castillo, Frey and Stewart Project",Rate the effectiveness of the project management on a scale of 1 to 5
"Castillo, Frey and Stewart Project",Rate the effectiveness of the project feedback mechanisms on a scale of 1 to 5
"Castillo, Frey and Stewart Project",Rate the level of stakeholder engagement on a scale of 1 to 5
"Castillo, Frey and Stewart Project",Did the project meet your expectations? Please rate from 1 to 5
Mckenzie and Sons Project,How would you rate the level of client satisfaction with the project outcomes?
Mckenzie and Sons Project,Rate the effectiveness of the project management on a scale of 1 to 5
Mckenzie and Sons Project,Were the project resources allocated efficiently? Please rate from 1 to 5
Mckenzie and Sons Project,Rate the level of innovation demonstrated in the project from 1 to 5
Mckenzie and Sons Project,Did the project meet the specified deadlines? Please rate from 1 to 5
Mckenzie and Sons Project,Rate the level of stakeholder engagement on a scale of 1 to 5
Mckenzie and Sons Project,Did you find the project timeline realistic? Please rate from 1 to 5
Campbell Inc Initiative,How would you rate the problem-solving skills of the team?
Campbell Inc Initiative,How satisfied are you with the overall progress of the project?
Campbell Inc Initiative,Rate the effectiveness of the project management on a scale of 1 to 5
Campbell Inc Initiative,Rate the level of stakeholder engagement on a scale of 1 to 5
Campbell Inc Initiative,Were the project resources allocated efficiently? Please rate from 1 to 5
Campbell Inc Initiative,Did the project meet the specified deadlines? Please rate from 1 to 5
Campbell Inc Initiative,Were the project goals clearly defined? Please rate from 1 to 5
Campbell Inc Initiative,How satisfied are you with the level of transparency in project communication?
Campbell Inc Initiative,How would you rate the level of client satisfaction with the project outcomes?
Campbell Inc Initiative,How satisfied are you with the level of collaboration within the team?
Campbell Inc Initiative,Did you find the project timeline realistic? Please rate from 1 to 5
Campbell Inc Initiative,How satisfied are you with the project deliverables?
Campbell Inc Initiative,Rate the communication between team members on a scale of 1 to 5
Campbell Inc Initiative,How would you rate the quality of work delivered by the team?
Campbell Inc Initiative,Rate the effectiveness of the project feedback mechanisms on a scale of 1 to 5
Campbell Inc Initiative,Rate the level of adaptability shown by the team members on a scale of 1 to 5
Campbell Inc Initiative,Rate the level of innovation demonstrated in the project from 1 to 5
Campbell Inc Initiative,Did the project meet your expectations? Please rate from 1 to 5
Dennis LLC Project,How would you rate the quality of work delivered by the team?
Dennis LLC Project,How satisfied are you with the project deliverables?
Dennis LLC Project,Were the project goals clearly defined? Please rate from 1 to 5
Dennis LLC Project,Did you find the project timeline realistic? Please rate from 1 to 5
Dennis LLC Project,How would you rate the level of client satisfaction with the project outcomes?
Dennis LLC Project,How satisfied are you with the level of collaboration within the team?
Dennis LLC Project,How satisfied are you with the level of transparency in project communication?
Dennis LLC Project,Rate the effectiveness of the project feedback mechanisms on a scale of 1 to 5
"French, Perez and Hernandez Solution",Rate the effectiveness of the project management on a scale of 1 to 5
"French, Perez and Hernandez Solution",How satisfied are you with the level of collaboration within the team?
"French, Perez and Hernandez Solution",Rate the level of innovation demonstrated in the project from 1 to 5
"French, Perez and Hernandez Solution",How satisfied are you with the overall progress of the project?
"French, Perez and Hernandez Solution",Did the project meet the specified deadlines? Please rate from 1 to 5
"French, Perez and Hernandez Solution",Rate the level of adaptability shown by the team members on a scale of 1 to 5
"French, Perez and Hernandez Solution",How would you rate the quality of work delivered by the team?
"French, Perez and Hernandez Solution",Rate the accuracy of the project budget estimation from 1 to 5
"French, Perez and Hernandez Solution",How would you rate the problem-solving skills of the team?
"French, Perez and Hernandez Solution",Rate the communication between team members on a scale of 1 to 5
Smith LLC Initiative,How satisfied are you with the level of collaboration within the team?
Smith LLC Initiative,Rate the communication between team members on a scale of 1 to 5
Smith LLC Initiative,Did you find the project timeline realistic? Please rate from 1 to 5
Smith LLC Initiative,How would you rate the problem-solving skills of the team?
Smith LLC Initiative,Rate the level of adaptability shown by the team members on a scale of 1 to 5
"Cook, Campbell and Campbell Project",How satisfied are you with the overall progress of the project?
"Cook, Campbell and Campbell Project",Were the project goals clearly defined? Please rate from 1 to 5
"Lopez, Bradley and Sharp Initiative",Rate the effectiveness of the project feedback mechanisms on a scale of 1 to 5
"Lopez, Bradley and Sharp Initiative",Were the project goals clearly defined? Please rate from 1 to 5
"Lopez, Bradley and Sharp Initiative",Rate the communication between team members on a scale of 1 to 5
"Lopez, Bradley and Sharp Initiative",How satisfied are you with the level of transparency in project communication?
"Hernandez, Smith and Lee Project",Rate the accuracy of the project budget estimation from 1 to 5
"Hernandez, Smith and Lee Project",How would you rate the level of client satisfaction with the project outcomes?
"Hernandez, Smith and Lee Project",Rate the effectiveness of the project feedback mechanisms on a scale of 1 to 5
"Hernandez, Smith and Lee Project",Rate the level of stakeholder engagement on a scale of 1 to 5
"Hernandez, Smith and Lee Project",Rate the level of adaptability shown by the team members on a scale of 1 to 5
"Hernandez, Smith and Lee Project",Rate the level of innovation demonstrated in the project from 1 to 5
"Hernandez, Smith and Lee Project",Did the project meet the specified deadlines? Please rate from 1 to 5
"Hernandez, Smith and Lee Project",How would you rate the quality of work delivered by the team?
"Hernandez, Smith and Lee Project",How would you rate the problem-solving skills of the team?
"Hernandez, Smith and Lee Project",How satisfied are you with the level of transparency in project communication?
"Hernandez, Smith and Lee Project",Rate the communication between team members on a scale of 1 to 5
"Hernandez, Smith and Lee Project",Were the project resources allocated efficiently? Please rate from 1 to 5
"Hernandez, Smith and Lee Project",How satisfied are you with the level of collaboration within the team?
"Hernandez, Smith and Lee Project",How satisfied are you with the project deliverables?
"Hernandez, Smith and Lee Project",How satisfied are you with the overall progress of the project?
"Hernandez, Smith and Lee Project",Did you find the project timeline realistic? Please rate from 1 to 5
"Hernandez, Smith and Lee Project",Rate the effectiveness of the project management on a scale of 1 to 5
"Hernandez, Smith and Lee Project",Were the project goals clearly defined? Please rate from 1 to 5
"Hernandez, Smith and Lee Project",Did the project meet your expectations? Please rate from 1 to 5
"Hernandez, Smith and Lee Project",Were the project risks effectively managed? Please rate from 1 to 5
"Francis, Quinn and Cook Initiative",Rate the level of adaptability shown by the team members on a scale of 1 to 5
"Francis, Quinn and Cook Initiative",How would you rate the problem-solving skills of the team?
"Francis, Quinn and Cook Initiative",Were the project resources allocated efficiently? Please rate from 1 to 5
"Francis, Quinn and Cook Initiative",Did you find the project timeline realistic? Please rate from 1 to 5
"Francis, Quinn and Cook Initiative",Were the project risks effectively managed? Please rate from 1 to 5
"Francis, Quinn and Cook Initiative",How would you rate the quality of work delivered by the team?
"Francis, Quinn and Cook Initiative",Were the project goals clearly defined? Please rate from 1 to 5
"Francis, Quinn and Cook Initiative",Rate the effectiveness of the project feedback mechanisms on a scale of 1 to 5
"Francis, Quinn and Cook Initiative",Rate the level of innovation demonstrated in the project from 1 to 5
"Francis, Quinn and Cook Initiative",How satisfied are you with the overall progress of the project?
Carpenter-Holmes Project,How satisfied are you with the project deliverables?
Carpenter-Holmes Project,How would you rate the level of client satisfaction with the project outcomes?
Carpenter-Holmes Project,Did the project meet the specified deadlines? Please rate from 1 to 5
Carpenter-Holmes Project,Were the project risks effectively managed? Please rate from 1 to 5
Carpenter-Holmes Project,Rate the effectiveness of the project management on a scale of 1 to 5
Carpenter-Holmes Project,How satisfied are you with the level of transparency in project communication?
Carpenter-Holmes Project,Did you find the project timeline realistic? Please rate from 1 to 5
Carpenter-Holmes Project,Rate the communication between team members on a scale of 1 to 5
Carpenter-Holmes Project,Rate the accuracy of the project budget estimation from 1 to 5
Carpenter-Holmes Project,How satisfied are you with the level of collaboration within the team?
Carpenter-Holmes Project,Did the project meet your expectations? Please rate from 1 to 5
Carpenter-Holmes Project,Rate the level of stakeholder engagement on a scale of 1 to 5
Carpenter-Holmes Project,Were the project resources allocated efficiently? Please rate from 1 to 5
Clarke Inc Initiative,How satisfied are you with the overall progress of the project?
Clarke Inc Initiative,Were the project goals clearly defined? Please rate from 1 to 5
Clarke Inc Initiative,Were the project resources allocated efficiently? Please rate from 1 to 5
Clarke Inc Initiative,Did you find the project timeline realistic? Please rate from 1 to 5
Clarke Inc Initiative,Rate the communication between team members on a scale of 1 to 5
Clarke Inc Initiative,Did the project meet the specified deadlines? Please rate from 1 to 5
Vargas Group Solution,Rate the level of adaptability shown by the team members on a scale of 1 to 5
Vargas Group Solution,How satisfied are you with the level of transparency in project communication?
Vargas Group Solution,Rate the level of innovation demonstrated in the project from 1 to 5
Vargas Group Solution,How satisfied are you with the overall progress of the project?
Vargas Group Solution,How satisfied are you with the level of collaboration within the team?
Vargas Group Solution,How would you rate the problem-solving skills of the team?
Vargas Group Solution,Were the project goals clearly defined? Please rate from 1 to 5
Vargas Group Solution,How would you rate the quality of work delivered by the team?
Vargas Group Solution,Did the project meet the specified deadlines? Please rate from 1 to 5
Vargas Group Solution,Rate the effectiveness of the project feedback mechanisms on a scale of 1 to 5
Vargas Group Solution,Rate the communication between team members on a scale of 1 to 5
Vargas Group Solution,Rate the effectiveness of the project management on a scale of 1 to 5
Vargas Group Solution,Rate the accuracy of the project budget estimation from 1 to 5
Vargas Group Solution,How would you rate the level of client satisfaction with the project outcomes?
Vargas Group Solution,Rate the level of stakeholder engagement on a scale of 1 to 5
Vargas Group Solution,Did you find the project timeline realistic? Please rate from 1 to 5
Vargas Group Solution,Were the project risks effectively managed? Please rate from 1 to 5
Vargas Group Solution,Were the project resources allocated efficiently? Please rate from 1 to 5
"Hill, Hernandez and Jones Project",How would you rate the problem-solving skills of the team?
"Hill, Hernandez and Jones Project",Rate the level of stakeholder engagement on a scale of 1 to 5
"Hill, Hernandez and Jones Project",Were the project resources allocated efficiently? Please rate from 1 to 5
"Hill, Hernandez and Jones Project",How satisfied are you with the level of transparency in project communication?
"Hill, Hernandez and Jones Project",Rate the accuracy of the project budget estimation from 1 to 5
"Hill, Hernandez and Jones Project",Rate the level of adaptability shown by the team members on a scale of 1 to 5
"Hill, Hernandez and Jones Project",Did the project meet the specified deadlines? Please rate from 1 to 5
"Hill, Hernandez and Jones Project",How would you rate the level of client satisfaction with the project outcomes?
"Hill, Hernandez and Jones Project",How satisfied are you with the project deliverables?
"Hill, Hernandez and Jones Project",Rate the level of innovation demonstrated in the project from 1 to 5
"Hill, Hernandez and Jones Project",How would you rate the quality of work delivered by the team?
"Hill, Hernandez and Jones Project",Did the project meet your expectations? Please rate from 1 to 5
"Hill, Hernandez and Jones Project",How satisfied are you with the overall progress of the project?
"Hill, Hernandez and Jones Project",How satisfied are you with the level of collaboration within the team?
"Hill, Hernandez and Jones Project",Were the project risks effectively managed? Please rate from 1 to 5
"Hill, Hernandez and Jones Project",Rate the effectiveness of the project feedback mechanisms on a scale of 1 to 5
"Hill, Hernandez and Jones Project",Rate the effectiveness of the project management on a scale of 1 to 5
"Hill, Hernandez and Jones Project",Were the project goals clearly defined? Please rate from 1 to 5
"Hill, Hernandez and Jones Project",Did you find the project timeline realistic? Please rate from 1 to 5
"Hill, Hernandez and Jones Project",Rate the communication between team members on a scale of 1 to 5
Davis LLC Initiative,How satisfied are you with the level of collaboration within the team?
Davis LLC Initiative,Rate the effectiveness of the project management on a scale of 1 to 5
Davis LLC Initiative,Rate the communication between team members on a scale of 1 to 5
Davis LLC Initiative,How would you rate the problem-solving skills of the team?
